Tempo [s],Temperatura [K],Na,Cl,NaCl
0.11666666666666665,0.5559167888321109,145.0,143.0,6.0
